aapos_id,CADD38_phred,cadd38_avg_missense,cadd38_max_missense,max_minus_avg
M_1,"[19.9, 20.2, 20.3, 21.9, 21.0, 22.5, 19.51, 19.2, 19.7]",20.46777778,22.5,2.032
A_2,"[22.9, 22.1, 21.6, 17.95, 23.1, 20.5]",21.35833333,23.1,1.742
E_3,"[15.49, 15.65, 20.6, 22.0, 19.85, 17.97, 19.04]",18.65714286,22,3.343
Q_4,"[21.2, 21.3, 22.1, 21.5, 22.1, 19.5, 20.5]",21.17142857,22.1,0.929
V_5,"[21.8, 21.1, 21.3, 17.22, 17.4, 17.98]",19.46666667,21.8,2.333
A_6,"[21.5, 21.4, 21.2, 18.64, 20.2, 19.93]",20.47833333,21.5,1.022
L_7,"[26.2, 24.5, 26.1, 23.5, 23.8]",24.82,26.2,1.380
S_8,"[22.7, 22.6, 23.2, 20.7, 23.7, 24.8, 23.9, 23.4]",23.125,24.8,1.675
R_9,"[23.3, 23.9, 22.3, 23.4, 23.0]",23.18,23.9,0.720
T_10,"[22.7, 20.5, 21.6, 19.48, 21.0, 21.9]",21.19666667,22.7,1.503
Q_11,"[23.2, 23.3, 24.1, 23.4, 25.5, 19.54, 21.9]",22.99142857,25.5,2.509
V_12,"[23.1, 22.7, 24.2, 21.4, 21.5, 22.8]",22.61666667,24.2,1.583
C_13,"[22.6, 21.9, 22.1, 22.2, 23.7, 24.1, 22.5]",22.72857143,24.1,1.371
G_14,"[23.7, 21.1, 23.8, 25.5, 24.6, 24.6]",23.88333333,25.5,1.617
I_15,"[18.45, 21.9, 21.4, 22.1, 19.8, 18.36, 19.06]",20.15285714,22.1,1.947
L_16,"[25.0, 25.1, 24.9, 23.6, 22.8]",24.28,25.1,0.820
R_17,"[24.5, 23.3, 23.4, 21.7, 22.3]",23.04,24.5,1.460
E_18,"[22.4, 22.5, 23.6, 23.8, 23.1, 22.5, 21.2]",22.72857143,23.8,1.071
E_19,"[22.5, 22.6, 24.6, 24.8, 23.1, 24.4, 25.0]",23.85714286,25,1.143
L_20,"[25.7, 25.8, 25.5, 23.9, 21.0, 21.0]",23.81666667,25.8,1.983
F_21,"[18.13, 17.98, 20.1, 20.2, 15.69, 19.06, 18.79, 19.28]",18.65375,20.2,1.546
Q_22,"[17.33, 17.52, 22.7, 21.6, 22.8, 18.2, 21.6]",20.25,22.8,2.550
G_23,"[17.82, 16.99, 17.08, 24.5, 24.0, 21.4]",20.29833333,24.5,4.202
D_24,"[14.81, 14.69, 22.0, 20.7, 19.98, 12.22, 15.13, 9.988999999999999]",16.189875,22,5.810
A_25,"[17.8, 17.55, 16.84, 16.04, 18.7, 17.49]",17.40333333,18.7,1.297
F_26,"[22.4, 22.4, 25.3, 22.3, 21.8, 22.2, 22.4, 22.5]",22.6625,25.3,2.638
H_27,"[18.98, 18.83, 21.6, 21.4, 22.1, 22.0, 21.4, 21.6]",20.98875,22.1,1.111
Q_28,"[16.19, 16.35, 21.5, 20.7, 21.4, 20.2, 21.4]",19.67714286,21.5,1.823
S_29,"[22.3, 25.4, 16.09, 18.47, 15.89]",19.63,25.4,5.770
D_30,"[15.47, 15.35, 22.0, 22.2, 22.1, 16.74, 16.94, 17.09]",18.48625,22.2,3.714
T_31,"[23.1, 23.3, 23.2, 17.65, 18.69, 19.18]",20.85333333,23.3,2.447
H_32,"[22.0, 21.9, 23.2, 23.2, 23.6, 22.4, 23.3, 23.0]",22.825,23.6,0.775
I_33,"[22.9, 26.1, 22.5, 25.9, 18.68, 16.97, 18.87]",21.70285714,26.1,4.397
F_34,"[22.9, 22.8, 32.0, 32.0, 28.7, 24.1, 23.0, 22.8]",26.0375,32,5.963
I_35,"[25.2, 29.8, 23.6, 31.0, 23.9, 21.5, 24.0]",25.57142857,31,5.429
I_36,"[24.4, 27.3, 22.8, 27.4, 27.8, 22.0, 24.3]",25.14285714,27.8,2.657
M_37,"[22.3, 22.3, 22.4, 26.9, 24.0, 24.6, 21.1, 22.2, 21.2]",23,26.9,3.900
G_38,"[25.5, 25.0, 25.5, 28.5, 27.8, 27.1]",26.56666667,28.5,1.933
A_39,"[26.6, 26.6, 26.5, 24.2, 25.0, 24.8]",25.61666667,26.6,0.983
S_40,"[28.0, 28.8, 27.7, 29.6, 26.9]",28.2,29.6,1.400
G_41,"[31.0, 29.3, 30.0, 32.0, 29.9, 28.9]",30.18333333,32,1.817
D_42,"[25.8, 25.7, 28.1, 28.5, 28.3, 24.6, 24.5, 24.6]",26.2625,28.5,2.238
L_43,"[28.9, 29.0, 28.6, 24.5, 24.8]",27.16,29,1.840
A_44,"[29.1, 29.0, 29.4, 25.3, 26.2, 26.1]",27.51666667,29.4,1.883
K_45,"[24.1, 24.2, 26.5, 22.6, 25.9, 26.4, 25.9]",25.08571429,26.5,1.414
K_46,"[23.4, 23.5, 28.6, 24.5, 27.7, 27.2, 26.6]",25.92857143,28.6,2.671
K_47,"[23.2, 23.3, 28.6, 27.4, 27.7, 24.5, 26.4]",25.87142857,28.6,2.729
I_48,"[25.5, 25.0, 23.0, 27.1, 27.0, 23.6, 26.5]",25.38571429,27.1,1.714
Y_49,"[24.0, 31.0, 29.2, 29.3, 28.9, 29.2]",28.6,31,2.400
P_50,"[32.0, 32.0, 32.0, 27.0, 26.1, 26.5]",29.26666667,32,2.733
T_51,"[27.3, 24.0, 26.5, 22.7, 20.4, 24.9]",24.3,27.3,3.000
I_52,"[22.7, 25.8, 24.9, 26.2, 21.0, 18.7, 14.26]",21.93714286,26.2,4.263
W_53,"[34.0, 34.0, 31.0, 32.0, 34.0, 34.0, 32.0]",33,34,1.000
W_54,"[23.2, 23.2, 23.0, 23.8, 25.1, 25.6, 25.5]",24.2,25.6,1.400
L_55,"[31.0, 31.0, 31.0, 25.7, 26.4]",29.02,31,1.980
F_56,"[29.3, 29.1, 32.0, 31.0, 22.5, 27.6, 27.1, 27.3]",28.2375,32,3.763
R_57,"[26.1, 26.9, 23.0, 32.0, 28.6]",27.32,32,4.680
D_58,"[22.6, 22.5, 26.9, 27.1, 24.9, 27.1, 24.5, 24.4]",25,27.1,2.100
G_59,"[25.0, 22.9, 22.2, 26.3, 23.5, 22.5]",23.73333333,26.3,2.567
L_60,"[27.5, 27.6, 24.5, 23.9, 23.6, 25.8]",25.48333333,27.6,2.117
L_61,"[26.4, 26.5, 26.2, 19.54, 22.3]",24.188,26.5,2.312
P_62,"[24.7, 24.7, 24.7, 24.6, 23.7, 24.4]",24.46666667,24.7,0.233
E_63,"[13.37, 13.56, 22.1, 22.2, 21.6, 13.93, 12.5]",17.03714286,22.2,5.163
N_64,"[9.89, 9.668, 19.16, 13.59, 14.67, 14.88, 5.147, 8.019]",11.878,19.16,7.282
T_65,"[23.7, 24.8, 24.9, 23.8, 23.1, 24.5]",24.13333333,24.9,0.767
F_66,"[17.83, 17.68, 22.9, 21.4, 17.57, 20.9, 20.9, 21.1]",20.035,22.9,2.865
I_67,"[21.0, 25.8, 24.8, 25.7, 18.11, 16.81, 21.6]",21.97428571,25.8,3.826
V_68,"[25.7, 24.7, 25.7, 19.06, 19.26, 23.2]",22.93666667,25.7,2.763
G_69,"[23.8, 23.6, 23.8, 25.1, 24.8, 24.4]",24.25,25.1,0.850
Y_70,"[18.45, 23.7, 23.4, 25.5, 25.3, 25.4]",23.625,25.5,1.875
A_71,"[25.2, 25.1, 25.4, 23.3, 23.9, 23.4]",24.38333333,25.4,1.017
R_72,"[24.1, 27.3, 26.8, 25.0, 26.8, 26.2]",26.03333333,27.3,1.267
S_73,"[27.5, 27.1, 26.5, 24.6, 25.4, 21.6]",25.45,27.5,2.050
R_74,"[21.7, 19.88, 19.31, 23.4, 21.8, 18.94]",20.83833333,23.4,2.562
L_75,"[28.6, 28.9, 28.2, 22.5, 22.4, 20.9]",25.25,28.9,3.650
T_76,"[25.0, 25.1, 23.3, 20.4, 22.8, 24.5]",23.51666667,25.1,1.583
V_77,"[24.2, 23.2, 23.3, 18.28, 18.48, 20.3]",21.29333333,24.2,2.907
A_78,"[22.1, 22.2, 21.1, 22.1, 22.5, 22.4]",22.06666667,22.5,0.433
D_79,"[17.84, 17.69, 23.5, 23.3, 22.4, 23.0, 22.9, 19.34]",21.24625,23.5,2.254
I_80,"[25.1, 28.7, 27.8, 29.5, 23.3, 22.0, 21.3]",25.38571429,29.5,4.114
R_81,"[21.9, 24.6, 22.9, 24.4, 25.6, 23.6]",23.83333333,25.6,1.767
K_82,"[15.2, 15.35, 21.5, 17.46, 17.53, 15.06, 16.08]",16.88285714,21.5,4.617
Q_83,"[22.3, 22.3, 24.2, 21.9, 24.2, 23.3, 22.2]",22.91428571,24.2,1.286
S_84,"[22.8, 22.7, 22.3, 22.4, 23.8, 22.7, 23.1, 25.1]",23.1125,25.1,1.988
E_85,"[21.5, 21.6, 23.2, 23.3, 22.7, 21.5, 21.7]",22.21428571,23.3,1.086
P_86,"[29.8, 29.3, 29.5, 24.9, 23.3, 24.7]",26.91666667,29.8,2.883
F_87,"[23.2, 23.2, 26.3, 24.0, 21.0, 23.4, 23.4, 23.4]",23.4875,26.3,2.813
F_88,"[21.1, 21.0, 23.7, 25.4, 24.5, 23.6, 21.8, 22.3]",22.925,25.4,2.475
K_89,"[23.2, 23.2, 28.2, 24.1, 27.3, 25.4, 23.4]",24.97142857,28.2,3.229
A_90,"[18.15, 19.24, 19.23, 16.14, 20.8, 16.51]",18.345,20.8,2.455
T_91,"[16.29, 14.01, 14.59, 14.28, 15.03, 16.73]",15.155,16.73,1.575
P_92,"[22.6, 21.9, 21.7, 15.38, 15.05, 15.81]",18.74,22.6,3.860
E_93,"[17.02, 17.2, 23.2, 22.4, 22.2, 14.3, 15.41]",18.81857143,23.2,4.381
E_94,"[15.48, 15.63, 24.8, 25.3, 24.5, 21.9, 23.6]",21.60142857,25.3,3.699
K_95,"[16.34, 16.5, 21.4, 17.19, 17.05, 17.52, 18.17]",17.73857143,21.4,3.661
L_96,"[16.37, 16.64, 17.03, 19.26, 15.04, 15.48]",16.63666667,19.26,2.623
K_97,"[22.5, 22.5, 22.9, 18.28, 21.9, 20.7, 19.77]",21.22142857,22.9,1.679
L_98,"[24.7, 28.5, 27.8, 21.9, 24.7]",25.52,28.5,2.980
E_99,"[15.95, 16.1, 24.1, 24.2, 22.6, 21.9, 22.2]",21.00714286,24.2,3.193
D_100,"[12.87, 12.7, 22.9, 22.3, 21.9, 22.0, 21.8, 19.8]",19.53375,22.9,3.366
F_101,"[27.6, 27.5, 26.9, 26.8, 25.4, 26.8, 27.1, 26.7]",26.85,27.6,0.750
F_102,"[14.91, 14.79, 26.4, 26.3, 24.5, 23.1, 22.2, 23.0]",21.9,26.4,4.500
A_103,"[21.6, 21.2, 21.4, 12.97, 16.73, 15.73]",18.27166667,21.6,3.328
R_104,"[21.8, 24.4, 22.4, 22.4, 21.9, 21.4]",22.38333333,24.4,2.017
N_105,"[23.1, 23.0, 24.6, 22.6, 22.8, 23.8, 23.8, 22.3]",23.25,24.6,1.350
S_106,"[23.0, 25.0, 22.7, 22.5, 24.1, 21.7]",23.16666667,25,1.833
Y_107,"[26.4, 28.8, 27.9, 27.2, 27.0, 27.1]",27.4,28.8,1.400
V_108,"[27.1, 24.0, 27.2, 20.6, 20.8, 21.6]",23.55,27.2,3.650
A_109,"[23.8, 23.8, 23.9, 17.56, 21.6, 22.5]",22.19333333,23.9,1.707
G_110,"[25.0, 24.6, 25.1, 24.5, 24.2, 23.9]",24.55,25.1,0.550
Q_111,"[18.2, 18.39, 22.5, 22.0, 22.1, 21.5, 21.5]",20.88428571,22.5,1.616
Y_112,"[25.1, 26.8, 26.2, 26.6, 26.4, 26.5]",26.26666667,26.8,0.533
D_113,"[15.19, 15.07, 21.9, 22.0, 21.9, 22.3, 22.2, 16.38]",19.6175,22.3,2.683
D_114,"[13.14, 12.97, 22.1, 22.1, 22.1, 21.3, 20.8, 17.95]",19.0575,22.1,3.043
A_115,"[15.73, 15.55, 13.61, 9.875, 13.26, 12.44]",13.41083333,15.73,2.319
A_116,"[22.7, 22.6, 22.4, 17.77, 20.6, 19.11]",20.86333333,22.7,1.837
S_117,"[24.5, 25.1, 24.1, 20.9, 22.2, 21.6]",23.06666667,25.1,2.033
Y_118,"[21.2, 27.2, 26.4, 27.7, 27.4, 27.6]",26.25,27.7,1.450
Q_119,"[18.92, 19.12, 13.43, 11.47, 13.38, 0.6579999999999999, 4.141]",11.58842857,19.12,7.532
R_120,"[18.05, 20.3, 18.84, 23.9, 20.4, 19.22]",20.11833333,23.9,3.782
L_121,"[24.8, 24.8, 24.5, 25.8, 23.7, 25.1]",24.78333333,25.8,1.017
N_122,"[13.25, 13.1, 21.1, 11.82, 15.9, 22.1, 14.71, 17.93]",16.23875,22.1,5.861
S_123,"[14.29, 14.16, 14.36, 7.593, 8.03, 16.94, 13.57, 13.96]",12.862875,16.94,4.077
H_124,"[15.74, 15.62, 19.92, 18.99, 21.2, 21.1, 22.0, 21.8]",19.54625,22,2.454
M_125,"[8.276, 8.523, 8.685, 22.3, 21.8, 22.2, 9.841000000000001, 12.15, 10.13]",13.76722222,22.3,8.533
N_126,"[5.544, 5.272, 13.21, 7.63, 10.76, 17.14, 11.9, 13.69]",10.64325,17.14,6.497
A_127,"[13.97, 13.7, 13.51, 6.381, 10.59, 9.238999999999999]",11.23166667,13.97,2.738
L_128,"[23.4, 25.1, 21.9, 18.46, 18.55, 17.59]",20.83333333,25.1,4.267
H_129,"[14.57, 14.6, 20.7, 19.57, 17.4, 16.92, 21.1, 17.22]",17.76,21.1,3.340
L_130,"[14.79, 15.76, 13.68, 16.32, 17.83]",15.676,17.83,2.154
G_131,"[22.7, 20.2, 21.4, 24.4, 21.5, 21.4]",21.93333333,24.4,2.467
S_132,"[10.36, 2.1630000000000003, 6.974, 1.64]",5.28425,10.36,5.076
Q_133,"[13.74, 13.83, 15.24, 13.88, 14.54, 2.129, 4.011]",11.05285714,15.24,4.187
A_134,"[22.7, 22.7, 24.2, 11.62, 17.59, 13.91]",18.78666667,24.2,5.413
N_135,"[25.1, 25.0, 26.8, 25.2, 26.0, 25.4, 23.4, 23.1]",25,26.8,1.800
R_136,"[23.8, 24.0, 23.6, 25.3, 24.5, 24.2]",24.23333333,25.3,1.067
L_137,"[25.7, 25.8, 25.4, 26.0, 22.4, 22.4]",24.61666667,26,1.383
F_138,"[25.9, 25.8, 26.5, 26.4, 23.5, 26.9, 27.1, 26.8]",26.1125,27.1,0.988
Y_139,"[24.6, 26.1, 25.6, 28.0, 27.6, 27.8]",26.61666667,28,1.383
L_140,"[27.6, 27.7, 27.4, 24.5, 23.3]",26.1,27.7,1.600
A_141,"[23.2, 24.9, 25.0, 24.5, 25.1, 24.9]",24.6,25.1,0.500
L_142,"[23.2, 23.2, 25.9, 25.9, 19.15, 22.2]",23.25833333,25.9,2.642
P_143,"[24.7, 24.8, 24.8, 25.7, 24.9, 25.3]",25.03333333,25.7,0.667
P_144,"[26.7, 26.5, 26.3, 23.5, 21.9, 23.4]",24.71666667,26.7,1.983
T_145,"[21.4, 14.62, 17.54, 15.34, 21.6, 22.3]",18.8,22.3,3.500
V_146,"[25.4, 25.6, 26.5, 22.7, 20.8, 20.1]",23.51666667,26.5,2.983
Y_147,"[20.7, 26.6, 26.1, 26.1, 25.9, 26.0]",25.23333333,26.6,1.367
E_148,"[16.93, 17.1, 22.2, 22.4, 21.5, 17.8, 18.15]",19.44,22.4,2.960
A_149,"[21.2, 21.6, 19.73, 16.67, 17.11, 18.46]",19.12833333,21.6,2.472
V_150,"[25.0, 23.2, 25.3, 23.2, 22.9, 21.6]",23.53333333,25.3,1.767
T_151,"[25.1, 21.4, 24.5, 21.4, 21.4, 25.4]",23.2,25.4,2.200
K_152,"[20.5, 20.7, 22.7, 20.5, 20.1, 21.6, 21.3]",21.05714286,22.7,1.643
N_153,"[23.1, 23.1, 24.4, 22.0, 22.6, 23.7, 21.2, 19.13]",22.40375,24.4,1.996
I_154,"[23.1, 26.8, 25.7, 26.7, 24.7, 21.4, 21.4]",24.25714286,26.8,2.543
H_155,"[5.995, 5.752000000000001, 16.66, 11.01, 16.81, 19.71, 20.6, 19.77]",14.538375,20.6,6.062
E_156,"[12.37, 12.6, 20.3, 20.6, 18.0, 11.72, 10.89]",15.21142857,20.6,5.389
S_157,"[9.861, 12.26, 6.954, 12.07, 14.73, 11.05]",11.15416667,14.73,3.576
C_158,"[29.0, 24.5, 24.1, 24.3, 25.9, 26.9, 25.8]",25.78571429,29,3.214
M_159,"[21.2, 21.3, 21.4, 24.3, 22.4, 25.4, 21.8, 21.6, 21.8]",22.35555556,25.4,3.044
S_160,"[23.4, 23.3, 25.5, 22.0, 22.0, 25.6, 22.2, 25.5]",23.6875,25.6,1.913
Q_161,"[8.282, 8.049, 15.43, 13.98, 14.55, 18.93, 18.29]",13.93014286,18.93,5.000
I_162,"[17.19, 18.17, 16.73, 16.03, 21.7, 20.5, 21.5]",18.83142857,21.7,2.869
G_163,"[23.8, 23.5, 23.9, 26.5, 26.1, 23.8]",24.6,26.5,1.900
W_164,"[23.6, 23.7, 23.3, 24.8, 24.8, 24.6, 24.4]",24.17142857,24.8,0.629
N_165,"[22.6, 22.6, 23.0, 20.6, 19.01, 26.5, 22.7, 25.8]",22.85125,26.5,3.649
R_166,"[27.9, 28.4, 27.9, 29.6, 27.5, 26.9]",28.03333333,29.6,1.567
I_167,"[24.5, 29.7, 27.8, 29.5, 20.7, 6.072, 12.0]",21.46742857,29.7,8.233
I_168,"[20.9, 32.0, 29.6, 32.0, 26.5, 22.3, 26.6]",27.12857143,32,4.871
V_169,"[28.6, 27.2, 28.8, 22.6, 22.6, 24.2]",25.66666667,28.8,3.133
E_170,"[22.4, 22.5, 29.7, 31.0, 28.9, 26.1, 27.0]",26.8,31,4.200
K_171,"[23.7, 23.7, 27.1, 26.2, 26.4, 28.8, 28.1]",26.28571429,28.8,2.514
P_172,"[32.0, 31.0, 31.0, 29.0, 27.4, 28.3]",29.78333333,32,2.217
F_173,"[22.6, 22.5, 32.0, 32.0, 28.5, 25.3, 25.5, 25.3]",26.7125,32,5.288
G_174,"[26.7, 26.1, 26.9, 25.6, 24.8, 24.9]",25.83333333,26.9,1.067
R_175,"[21.5, 21.6, 22.2, 22.7, 15.68, 24.5, 23.5]",21.66857143,24.5,2.831
D_176,"[25.7, 25.6, 27.4, 27.8, 27.6, 26.8, 26.6, 26.8]",26.7875,27.8,1.013
L_177,"[32.0, 32.0, 31.0, 23.7, 24.1]",28.56,32,3.440
Q_178,"[23.2, 23.3, 24.0, 23.7, 23.0, 18.24, 21.6]",22.43428571,24,1.566
S_179,"[26.2, 26.1, 27.8, 22.8, 26.2, 25.0, 27.7, 28.7]",26.3125,28.7,2.388
S_180,"[27.8, 27.7, 29.8, 24.1, 28.2, 26.0]",27.26666667,29.8,2.533
D_181,"[19.32, 19.16, 23.0, 23.1, 22.6, 18.42, 19.0, 13.81]",19.80125,23.1,3.299
R_182,"[20.4, 20.9, 16.55, 24.1, 22.3]",20.85,24.1,3.250
L_183,"[29.7, 29.8, 29.4, 23.5, 22.8]",27.04,29.8,2.760
S_184,"[32.0, 32.0, 31.0, 23.2, 28.1, 22.9]",28.2,32,3.800
N_185,"[18.21, 18.06, 22.4, 17.23, 19.73, 22.9, 17.02, 21.5]",19.63125,22.9,3.269
H_186,"[23.0, 23.0, 28.4, 25.0, 28.4, 26.2, 24.5, 24.0]",25.3125,28.4,3.088
I_187,"[21.6, 28.9, 27.2, 29.5, 24.1, 23.2, 21.9]",25.2,29.5,4.300
S_188,"[24.2, 24.4, 24.0, 18.4, 22.8, 22.2]",22.66666667,24.4,1.733
S_189,"[22.6, 23.5, 22.2, 13.98, 15.35, 14.32]",18.65833333,23.5,4.842
L_190,"[28.7, 28.9, 28.4, 22.9, 23.2]",26.42,28.9,2.480
F_191,"[23.1, 23.0, 28.8, 28.8, 23.0, 25.9, 23.8, 25.7]",25.2625,28.8,3.538
R_192,"[17.18, 17.19, 16.63, 22.1, 19.02, 16.46]",18.09666667,22.1,4.003
E_193,"[23.6, 23.7, 27.8, 28.5, 24.5, 23.4, 23.9]",25.05714286,28.5,3.443
D_194,"[20.7, 20.6, 24.6, 25.1, 24.8, 25.2, 23.2, 22.5]",23.3375,25.2,1.863
Q_195,"[24.8, 24.9, 29.2, 28.0, 28.6, 23.3, 27.1]",26.55714286,29.2,2.643
I_196,"[25.6, 31.0, 25.3, 29.9, 26.5, 22.4, 22.4]",26.15714286,31,4.843
Y_197,"[23.7, 27.4, 26.8, 29.8, 28.6, 29.6]",27.65,29.8,2.150
R_198,"[26.0, 26.3, 26.0, 34.0, 33.0, 32.0]",29.55,34,4.450
I_199,"[20.7, 31.0, 28.6, 31.0, 26.6, 24.8, 23.9]",26.65714286,31,4.343
D_200,"[26.2, 26.1, 29.5, 30.0, 29.8, 25.8, 25.7, 25.8]",27.3625,30,2.638
H_201,"[26.0, 25.9, 28.2, 27.1, 24.9, 28.2, 29.4, 28.5]",27.275,29.4,2.125
Y_202,"[25.7, 28.5, 27.7, 32.0, 31.0, 32.0]",29.48333333,32,2.517
L_203,"[32.0, 32.0, 32.0, 26.1, 26.7]",29.76,32,2.240
G_204,"[27.7, 27.0, 27.4, 29.3, 28.7, 27.9]",28,29.3,1.300
K_205,"[25.7, 25.9, 32.0, 30.0, 31.0, 29.3, 25.1]",28.42857143,32,3.571
E_206,"[26.0, 26.2, 32.0, 33.0, 32.0, 26.6, 28.1]",29.12857143,33,3.871
M_207,"[25.9, 26.1, 26.2, 31.0, 28.4, 29.9, 24.3, 23.9, 24.4]",26.67777778,31,4.322
V_208,"[27.1, 26.4, 27.2, 27.2, 27.4, 28.0]",27.21666667,28,0.783
Q_209,"[23.5, 23.6, 31.0, 29.0, 29.6, 28.5, 25.5]",27.24285714,31,3.757
N_210,"[24.9, 24.8, 27.9, 26.1, 27.0, 29.2, 28.6, 28.0]",27.0625,29.2,2.138
L_211,"[32.0, 32.0, 32.0, 32.0, 29.4, 26.1]",30.58333333,32,1.417
M_212,"[23.0, 23.1, 23.1, 26.5, 25.4, 26.2, 22.0, 23.7, 22.1]",23.9,26.5,2.600
V_213,"[28.0, 23.3, 28.1, 23.6, 23.7, 24.1]",25.13333333,28.1,2.967
L_214,"[32.0, 32.0, 32.0, 26.8, 25.4]",29.64,32,2.360
R_215,"[24.9, 25.1, 34.0, 33.0, 33.0, 33.0]",30.5,34,3.500
F_216,"[25.2, 25.1, 29.6, 29.6, 26.5, 27.9, 28.3, 27.9]",27.5125,29.6,2.088
A_217,"[23.2, 21.5, 24.9, 22.0, 25.0, 23.3]",23.31666667,25,1.683
N_218,"[25.9, 25.8, 28.3, 26.4, 27.3, 27.2, 26.9, 26.4]",26.775,28.3,1.525
R_219,"[23.8, 23.9, 24.9, 24.3, 22.7, 29.2, 25.0]",24.82857143,29.2,4.371
I_220,"[22.9, 31.0, 24.9, 30.0, 24.0, 22.4, 22.8]",25.42857143,31,5.571
F_221,"[15.78, 15.66, 33.0, 33.0, 25.6, 30.0, 23.6, 29.5]",25.7675,33,7.233
G_222,"[23.7, 22.1, 23.3, 24.1, 22.8, 18.67]",22.445,24.1,1.655
P_223,"[27.2, 27.0, 26.9, 22.7, 22.3, 22.6]",24.78333333,27.2,2.417
I_224,"[22.9, 23.3, 22.6, 25.7, 22.7, 21.8, 21.8]",22.97142857,25.7,2.729
W_225,"[27.5, 27.7, 29.3, 31.0, 30.0, 29.0, 28.6]",29.01428571,31,1.986
N_226,"[23.9, 23.8, 27.1, 23.4, 25.4, 27.6, 24.9, 26.3]",25.3,27.6,2.300
R_227,"[27.0, 27.7, 24.3, 30.0, 24.6]",26.72,30,3.280
D_228,"[19.78, 19.63, 26.2, 26.2, 23.9, 24.0, 21.5, 20.4]",22.70125,26.2,3.499
N_229,"[22.7, 22.7, 24.8, 20.6, 24.0, 23.3, 24.4, 21.3]",22.975,24.8,1.825
I_230,"[17.71, 25.8, 24.8, 25.7, 22.6, 15.46, 20.5]",21.79571429,25.8,4.004
A_231,"[23.0, 23.2, 22.0, 16.79, 22.9, 21.9]",21.63166667,23.2,1.568
C_232,"[21.8, 24.1, 18.66, 22.6, 22.8, 24.1, 18.33]",21.77,24.1,2.330
V_233,"[25.6, 25.1, 25.9, 23.0, 21.6, 17.38]",23.09666667,25.9,2.803
I_234,"[19.72, 22.7, 22.1, 23.9, 22.0, 17.5, 20.7]",21.23142857,23.9,2.669
L_235,"[27.6, 28.0, 27.4, 23.3, 23.0, 20.8]",25.01666667,28,2.983
T_236,"[26.9, 22.5, 26.2, 22.1, 25.2, 26.2]",24.85,26.9,2.050
F_237,"[25.7, 25.6, 31.0, 31.0, 27.9, 27.5, 27.6, 27.3]",27.95,31,3.050
K_238,"[24.8, 24.9, 29.0, 25.5, 28.2, 28.5, 27.8]",26.95714286,29,2.043
E_239,"[24.5, 24.6, 31.0, 32.0, 29.6, 26.0, 27.3]",27.85714286,32,4.143
P_240,"[28.7, 28.2, 26.9, 26.9, 24.3, 24.7]",26.61666667,28.7,2.083
F_241,"[22.4, 22.3, 27.1, 27.0, 25.4, 23.9, 25.7, 22.9]",24.5875,27.1,2.513
G_242,"[26.3, 25.8, 26.3, 25.1, 24.8, 24.5]",25.46666667,26.3,0.833
T_243,"[28.5, 27.5, 27.6, 25.2, 25.7, 26.3]",26.8,28.5,1.700
E_244,"[21.5, 21.6, 24.5, 24.6, 24.2, 18.41, 22.3]",22.44428571,24.6,2.156
G_245,"[24.7, 24.3, 24.7, 27.6, 26.9, 26.4]",25.76666667,27.6,1.833
R_246,"[26.8, 27.3, 26.9, 26.5, 25.9, 25.5]",26.48333333,27.3,0.817
G_247,"[24.7, 23.9, 24.8, 24.6, 23.9, 24.0]",24.31666667,24.8,0.483
G_248,"[24.8, 24.4, 24.8, 26.1, 25.5, 25.0]",25.1,26.1,1.000
Y_249,"[24.7, 26.2, 25.7, 27.1, 26.8, 27.0]",26.25,27.1,0.850
F_250,"[22.6, 22.5, 32.0, 32.0, 27.8, 27.0, 26.5, 26.9]",27.1625,32,4.838
D_251,"[25.2, 25.1, 29.4, 29.9, 29.7, 25.0, 24.9, 24.3]",26.6875,29.9,3.213
E_252,"[22.1, 22.1, 26.2, 26.6, 25.2, 22.6, 23.1]",23.98571429,26.6,2.614
F_253,"[23.6, 23.5, 33.0, 24.5, 23.4, 28.3, 25.3, 25.2]",25.85,33,7.150
G_254,"[25.6, 25.1, 25.7, 29.0, 27.4, 27.5]",26.71666667,29,2.283
I_255,"[25.0, 27.4, 26.2, 27.3, 26.8, 25.1, 26.4]",26.31428571,27.4,1.086
I_256,"[25.1, 32.0, 29.3, 32.0, 27.4, 25.5, 27.0]",28.32857143,32,3.671
R_257,"[34.0, 34.0, 34.0, 31.0, 27.8]",32.16,34,1.840
D_258,"[22.8, 22.8, 27.9, 28.4, 28.2, 28.3, 28.2, 28.9]",26.9375,28.9,1.963
V_259,"[26.4, 25.9, 26.5, 25.0, 25.2, 25.7]",25.78333333,26.5,0.717
M_260,"[22.4, 22.5, 22.5, 31.0, 28.2, 29.6, 23.7, 22.6, 23.8]",25.14444444,31,5.856
Q_261,"[25.7, 25.8, 32.0, 30.0, 31.0, 26.5, 27.4]",28.34285714,32,3.657
N_262,"[26.1, 26.0, 31.0, 24.8, 29.2, 32.0, 30.0, 29.3]",28.55,32,3.450
H_263,"[26.1, 26.0, 30.0, 28.6, 29.0, 31.0, 32.0, 31.0]",29.2125,32,2.788
L_264,"[29.1, 29.3, 28.9, 23.5, 25.1]",27.18,29.3,2.120
L_265,"[29.4, 29.5, 29.1, 22.8, 23.0]",26.76,29.5,2.740
Q_266,"[25.4, 25.5, 31.0, 28.6, 29.5, 26.5, 27.3]",27.68571429,31,3.314
M_267,"[21.9, 21.9, 22.0, 28.6, 26.6, 27.8, 22.7, 21.6, 22.8]",23.98888889,28.6,4.611
L_268,"[29.0, 32.0, 31.0, 23.4, 25.1]",28.1,32,3.900
C_269,"[23.7, 26.6, 21.7, 26.2, 26.2, 27.3, 21.8]",24.78571429,27.3,2.514
L_270,"[29.7, 29.8, 29.4, 24.8, 25.2]",27.78,29.8,2.020
V_271,"[28.7, 26.8, 28.8, 22.0, 22.1, 24.9]",25.55,28.8,3.250
A_272,"[31.0, 31.0, 32.0, 25.7, 26.7, 24.3]",28.45,32,3.550
M_273,"[25.2, 25.3, 25.4, 26.3, 25.9, 26.7, 27.5, 26.9, 27.7]",26.32222222,27.7,1.378
E_274,"[24.9, 25.0, 24.5, 27.5, 26.9, 25.7, 26.8]",25.9,27.5,1.600
K_275,"[24.7, 24.8, 26.6, 22.5, 26.0, 28.3, 25.5]",25.48571429,28.3,2.814
P_276,"[27.3, 27.0, 26.9, 27.6, 26.2, 27.0]",27,27.6,0.600
A_277,"[21.9, 22.9, 26.0, 16.65, 17.68, 17.2]",20.38833333,26,5.612
S_278,"[29.8, 29.3, 28.6, 22.8, 24.9, 21.4]",26.13333333,29.8,3.667
T_279,"[22.0, 21.6, 21.8, 22.1, 22.3, 24.2]",22.33333333,24.2,1.867
N_280,"[19.68, 19.53, 17.27, 11.69, 15.66, 14.73, 5.84, 7.2379999999999995]",13.95475,19.68,5.725
S_281,"[25.8, 17.93, 19.07, 22.0]",21.2,25.8,4.600
D_282,"[6.185, 5.94, 24.6, 24.7, 23.0, 22.3, 22.2, 19.15]",18.509375,24.7,6.191
D_283,"[20.3, 20.2, 25.2, 25.4, 23.7, 23.1, 22.2, 22.0]",22.7625,25.4,2.638
V_284,"[26.9, 25.9, 27.3, 23.8, 22.2, 16.87]",23.82833333,27.3,3.472
R_285,"[26.8, 27.3, 26.7, 27.0, 25.6, 25.2]",26.43333333,27.3,0.867
D_286,"[21.2, 21.2, 25.4, 25.5, 25.3, 22.1, 22.0, 15.41]",22.26375,25.5,3.236
E_287,"[22.4, 22.4, 27.9, 28.5, 26.9, 24.3, 25.1]",25.35714286,28.5,3.143
K_288,"[32.0, 32.0, 34.0, 33.0, 33.0, 26.8, 28.1]",31.27142857,34,2.729
V_289,"[29.1, 28.3, 29.5, 32.0, 29.8, 26.0]",29.11666667,32,2.883
K_290,"[24.1, 24.2, 26.4, 22.6, 25.8, 26.7, 26.8]",25.22857143,26.8,1.571
V_291,"[26.7, 26.0, 26.8, 24.1, 24.2, 26.9]",25.78333333,26.9,1.117
L_292,"[22.8, 22.9, 28.3, 28.2, 23.8, 24.1]",25.01666667,28.3,3.283
K_293,"[23.5, 23.6, 27.5, 22.3, 26.6, 24.7, 22.1]",24.32857143,27.5,3.171
C_294,"[23.3, 25.7, 22.3, 25.6, 22.6, 23.6, 22.1]",23.6,25.7,2.100
I_295,"[22.6, 31.0, 28.4, 31.0, 23.6, 21.1, 23.2]",25.84285714,31,5.157
S_296,"[22.7, 21.7, 21.5, 21.9]",21.95,22.7,0.750
E_297,"[20.4, 20.6, 22.8, 23.0, 21.7, 21.7, 21.0]",21.6,23,1.400
V_298,"[23.3, 20.2, 23.3, 17.18, 17.37, 23.0]",20.725,23.3,2.575
Q_299,"[18.87, 19.07, 17.32, 15.59, 16.94, 9.827, 11.74]",15.62242857,19.07,3.448
A_300,"[15.11, 15.48, 15.43, 13.96, 15.22, 14.65]",14.975,15.48,0.505
N_301,"[12.58, 12.4, 14.78, 5.642, 13.7, 16.85, 10.02, 15.64]",12.7015,16.85,4.149
N_302,"[16.16, 16.04, 23.9, 22.1, 22.5, 18.98, 12.42, 17.79]",18.73625,23.9,5.164
V_303,"[27.1, 25.8, 27.0, 17.11, 17.29, 18.37]",22.11166667,27.1,4.988
V_304,"[25.7, 25.1, 26.0, 25.2, 21.9, 21.9]",24.3,26,1.700
L_305,"[27.3, 27.5, 27.2, 21.0, 23.9]",25.38,27.5,2.120
G_306,"[26.5, 25.9, 26.5, 27.5, 26.9, 26.1]",26.56666667,27.5,0.933
Q_307,"[23.2, 23.2, 25.6, 25.0, 25.0, 25.4, 26.0]",24.77142857,26,1.229
Y_308,"[24.1, 25.8, 25.3, 27.1, 26.8, 27.0]",26.01666667,27.1,1.083
V_309,"[24.3, 22.9, 23.1, 19.33, 19.52, 21.0]",21.69166667,24.3,2.608
G_310,"[26.5, 22.3, 24.1, 26.0, 23.6, 23.7]",24.36666667,26.5,2.133
N_311,"[21.9, 21.8, 25.8, 20.7, 23.5, 23.9, 19.09, 23.5]",22.52375,25.8,3.276
P_312,"[25.1, 27.2, 27.4, 22.7, 22.2, 23.2]",24.63333333,27.4,2.767
D_313,"[12.77, 12.59, 17.35, 14.89, 17.37, 20.9, 17.55, 13.69]",15.88875,20.9,5.011
G_314,"[23.9, 21.2, 21.8, 23.5, 23.6]",22.8,23.9,1.100
E_315,"[19.16, 19.36, 22.5, 22.6, 22.3, 14.86, 15.45]",19.46142857,22.6,3.139
G_316,"[24.3, 21.7, 22.1, 23.1, 23.3, 21.8]",22.71666667,24.3,1.583
E_317,"[19.74, 19.93, 23.5, 23.6, 22.2, 19.86, 21.3]",21.44714286,23.6,2.153
A_318,"[26.2, 22.8, 24.4, 20.7, 24.3, 22.0]",23.4,26.2,2.800
T_319,"[18.9, 17.37, 18.07, 13.13, 14.16, 17.93]",16.59333333,18.9,2.307
K_320,"[21.5, 21.6, 22.3, 21.7, 21.8, 21.2, 21.1]",21.6,22.3,0.700
G_321,"[27.0, 26.3, 27.1, 27.5, 26.3, 26.4]",26.76666667,27.5,0.733
Y_322,"[25.4, 27.3, 26.6, 27.5, 27.2, 27.4]",26.9,27.5,0.600
L_323,"[22.8, 24.0, 23.9, 22.3, 24.0]",23.4,24,0.600
D_324,"[13.37, 13.22, 26.0, 26.2, 26.0, 26.2, 26.1, 23.8]",22.61125,26.2,3.589
D_325,"[24.1, 24.1, 26.1, 26.4, 26.2, 24.7, 24.6, 24.3]",25.0625,26.4,1.338
P_326,"[24.3, 24.0, 24.1, 23.6, 22.5, 23.5]",23.66666667,24.3,0.633
T_327,"[28.3, 24.6, 24.7, 23.1, 23.5, 26.0]",25.03333333,28.3,3.267
V_328,"[25.7, 25.2, 25.8, 23.1, 23.1, 23.6]",24.41666667,25.8,1.383
P_329,"[28.1, 27.7, 27.8, 22.5, 22.8, 23.0]",25.31666667,28.1,2.783
R_330,"[12.65, 7.492999999999999, 7.882000000000001, 22.5, 16.58, 15.5]",13.7675,22.5,8.733
G_331,"[23.4, 22.1, 21.4, 23.2, 22.5, 22.6]",22.53333333,23.4,0.867
S_332,"[25.5, 25.3, 24.9, 24.4, 25.0, 24.0]",24.85,25.5,0.650
T_333,"[17.4, 17.17, 15.99, 18.93, 19.65, 21.6]",18.45666667,21.6,3.143
T_334,"[23.7, 20.7, 23.4, 20.6, 21.4, 23.9]",22.28333333,23.9,1.617
A_335,"[23.8, 23.7, 23.5, 17.45, 12.2, 21.5]",20.35833333,23.8,3.442
T_336,"[24.3, 23.9, 23.9, 23.9, 24.3, 24.7]",24.16666667,24.7,0.533
F_337,"[18.86, 18.7, 25.2, 25.2, 21.3, 24.7, 23.1, 24.6]",22.7075,25.2,2.493
A_338,"[23.5, 23.9, 23.9, 22.9, 23.4, 23.0]",23.43333333,23.9,0.467
A_339,"[21.5, 22.5, 24.0, 14.1, 22.0, 13.81]",19.65166667,24,4.348
V_340,"[18.68, 15.28, 19.65, 18.08, 13.07, 13.49]",16.375,19.65,3.275
V_341,"[23.2, 22.8, 24.5, 22.3, 22.0, 18.94]",22.29,24.5,2.210
L_342,"[26.2, 26.3, 25.9, 21.3, 20.9, 22.4]",23.83333333,26.3,2.467
Y_343,"[21.3, 24.0, 22.3, 21.9, 20.7, 21.2]",21.9,24,2.100
V_344,"[24.5, 24.1, 24.5, 21.9, 22.0, 23.4]",23.4,24.5,1.100
E_345,"[15.67, 15.82, 23.4, 23.6, 22.4, 20.1, 21.1]",20.29857143,23.6,3.301
N_346,"[21.3, 21.2, 25.6, 22.8, 24.5, 25.2, 24.8, 24.6]",23.75,25.6,1.850
E_347,"[9.995, 10.3, 22.6, 24.2, 23.5, 22.8, 23.2]",19.51357143,24.2,4.686
R_348,"[21.5, 21.6, 23.4, 22.9, 23.0, 22.5, 22.1]",22.42857143,23.4,0.971
W_349,"[25.4, 25.6, 24.8, 25.3, 26.3, 25.7, 25.5]",25.51428571,26.3,0.786
D_350,"[8.818999999999999, 8.823, 26.5, 25.4, 22.3, 24.2, 24.0, 23.8]",20.48025,26.5,6.020
G_351,"[27.7, 26.9, 27.7, 28.3, 26.9, 27.1]",27.43333333,28.3,0.867
V_352,"[27.1, 26.4, 27.2, 23.2, 23.3, 23.5]",25.11666667,27.2,2.083
P_353,"[26.8, 26.5, 26.4, 26.4, 25.7, 26.1]",26.31666667,26.8,0.483
F_354,"[26.3, 26.2, 28.0, 28.0, 26.2, 27.0, 27.4, 24.8]",26.7375,28,1.263
I_355,"[24.9, 29.9, 28.1, 29.7, 23.0, 21.2, 24.1]",25.84285714,29.9,4.057
L_356,"[29.9, 25.8, 29.6, 22.8, 22.2]",26.06,29.9,3.840
R_357,"[28.6, 30.0, 25.5, 33.0, 29.7, 28.8]",29.26666667,33,3.733
C_358,"[20.8, 24.9, 24.4, 24.7, 27.8, 28.3, 26.8]",25.38571429,28.3,2.914
G_359,"[24.5, 24.2, 24.6, 25.0, 24.7, 24.4]",24.56666667,25,0.433
K_360,"[23.6, 23.6, 25.8, 25.3, 25.3, 26.1, 25.7]",25.05714286,26.1,1.043
A_361,"[26.0, 23.7, 26.1, 25.2, 26.0, 25.8]",25.46666667,26.1,0.633
L_362,"[28.0, 28.1, 27.7, 23.8, 24.0]",26.32,28.1,1.780
N_363,"[18.72, 18.56, 25.1, 24.0, 24.6, 26.5, 22.8, 25.7]",23.2475,26.5,3.253
E_364,"[22.4, 22.5, 25.6, 25.9, 25.2, 24.0, 24.7]",24.32857143,25.9,1.571
R_365,"[25.6, 26.4, 23.5, 24.2, 23.9, 23.3]",24.48333333,26.4,1.917
K_366,"[23.6, 23.6, 25.1, 24.3, 24.7, 25.5, 25.8]",24.65714286,25.8,1.143
A_367,"[22.0, 23.1, 25.0, 23.9, 24.9, 23.1]",23.66666667,25,1.333
E_368,"[22.3, 22.4, 24.6, 24.9, 24.3, 22.7, 23.3]",23.5,24.9,1.400
V_369,"[25.8, 24.8, 25.9, 22.5, 22.5, 24.0]",24.25,25.9,1.650
R_370,"[19.42, 19.61, 25.3, 24.9, 23.1, 25.0, 24.3]",23.09,25.3,2.210
L_371,"[26.6, 26.7, 26.5, 19.06, 22.5]",24.272,26.7,2.428
Q_372,"[23.6, 23.6, 24.4, 24.0, 24.2, 24.8, 25.4]",24.28571429,25.4,1.114
F_373,"[23.7, 23.6, 25.3, 25.3, 21.7, 24.6, 23.4, 24.5]",24.0125,25.3,1.288
H_374,"[6.181, 5.936, 21.6, 16.55, 21.6, 22.4, 22.6, 22.4]",17.408375,22.6,5.192
D_375,"[17.31, 17.17, 26.0, 26.2, 25.7, 23.5, 23.5, 22.3]",22.71,26.2,3.490
V_376,"[24.8, 22.1, 23.5, 22.4, 22.4, 24.0]",23.2,24.8,1.600
A_377,"[24.0, 24.0, 24.1, 21.2, 19.3, 21.4]",22.33333333,24.1,1.767
G_378,"[23.6, 23.1, 23.7, 22.9, 22.1, 21.6]",22.83333333,23.7,0.867
D_379,"[23.0, 23.0, 25.9, 22.4, 25.7, 23.7, 21.5, 21.2]",23.3,25.9,2.600
I_380,"[23.7, 32.0, 28.9, 31.0, 26.9, 23.5, 22.8]",26.97142857,32,5.029
F_381,"[26.5, 26.4, 29.2, 29.1, 24.2, 29.7, 29.9, 29.5]",28.0625,29.9,1.838
H_382,"[17.36, 17.22, 20.9, 18.46, 20.5, 23.4, 22.2, 22.2]",20.28,23.4,3.120
Q_383,"[19.76, 19.95, 21.9, 21.0, 21.7, 17.14, 16.83]",19.75428571,21.9,2.146
Q_384,"[22.1, 22.2, 23.2, 22.7, 23.2, 21.9, 22.0]",22.47142857,23.2,0.729
C_385,"[26.4, 24.2, 22.4, 24.2, 24.0, 26.4, 23.2]",24.4,26.4,2.000
K_386,"[22.1, 22.1, 25.1, 23.2, 23.4, 23.3, 22.8]",23.14285714,25.1,1.957
R_387,"[32.0, 32.0, 32.0, 32.0, 29.2, 29.1]",31.05,32,0.950
N_388,"[23.1, 23.1, 27.7, 23.6, 25.8, 30.0, 29.1, 28.6]",26.375,30,3.625
E_389,"[26.0, 26.1, 29.0, 29.6, 28.3, 26.4, 27.2]",27.51428571,29.6,2.086
L_390,"[28.8, 28.9, 28.6, 31.0, 32.0]",29.86,32,2.140
V_391,"[28.1, 27.3, 28.2, 24.4, 24.5, 28.4]",26.81666667,28.4,1.583
I_392,"[23.5, 32.0, 29.6, 32.0, 26.7, 22.3, 22.8]",26.98571429,32,5.014
R_393,"[29.3, 29.9, 29.4, 29.7, 28.2, 27.5]",29,29.9,0.900
V_394,"[26.8, 23.9, 26.9, 20.9, 21.0, 23.9]",23.9,26.9,3.000
Q_395,"[25.1, 25.2, 26.9, 26.1, 26.5, 27.1, 28.3]",26.45714286,28.3,1.843
P_396,"[32.0, 32.0, 32.0, 26.6, 26.2, 26.9]",29.28333333,32,2.717
N_397,"[18.62, 18.47, 27.0, 22.2, 23.8, 25.0, 21.7, 24.4]",22.64875,27,4.351
E_398,"[25.0, 25.1, 29.7, 31.0, 28.8, 24.7, 25.6]",27.12857143,31,3.871
A_399,"[27.8, 28.0, 28.2, 24.3, 27.0, 26.8]",27.01666667,28.2,1.183
V_400,"[29.6, 28.3, 29.7, 21.5, 21.6, 22.8]",25.58333333,29.7,4.117
Y_401,"[28.9, 33.0, 32.0, 29.1, 28.7, 29.0]",30.11666667,33,2.883
T_402,"[22.5, 23.5, 25.3, 23.2, 22.4, 25.5]",23.73333333,25.5,1.767
K_403,"[25.0, 25.2, 27.6, 26.7, 26.3, 29.8, 29.1]",27.1,29.8,2.700
M_404,"[22.8, 22.9, 22.9, 25.0, 24.7, 25.2, 21.9, 22.2, 22.0]",23.28888889,25.2,1.911
M_405,"[22.4, 22.5, 22.5, 27.0, 22.8, 26.5, 22.3, 22.5, 22.3]",23.42222222,27,3.578
T_406,"[23.3, 22.5, 24.2, 22.8, 23.2, 29.5]",24.25,29.5,5.250
K_407,"[26.1, 26.2, 27.1, 23.9, 26.5, 29.7, 28.9]",26.91428571,29.7,2.786
K_408,"[23.3, 23.3, 28.0, 23.0, 22.8, 23.2, 23.0]",23.8,28,4.200
P_409,"[29.0, 28.6, 28.2, 25.8, 24.7, 25.4]",26.95,29,2.050
G_410,"[25.4, 24.9, 25.4, 23.6, 23.4, 23.0]",24.28333333,25.4,1.117
M_411,"[21.5, 21.6, 21.7, 26.8, 23.9, 26.3, 18.25, 20.5, 18.45]",22.11111111,26.8,4.689
F_412,"[19.0, 18.85, 24.4, 22.0, 21.9, 22.4, 22.4, 22.5]",21.68125,24.4,2.719
F_413,"[22.6, 22.5, 27.4, 24.3, 23.8, 22.5, 22.5, 22.5]",23.5125,27.4,3.888
N_414,"[21.9, 21.8, 22.1, 18.89, 21.2, 23.5, 21.1, 22.1]",21.57375,23.5,1.926
P_415,"[22.6, 26.2, 26.2, 24.5, 22.4, 22.2]",24.01666667,26.2,2.183
E_416,"[18.77, 18.97, 22.9, 25.4, 23.9, 17.94, 21.9]",21.39714286,25.4,4.003
E_417,"[24.2, 24.3, 23.8, 27.7, 24.2, 23.6, 24.9]",24.67142857,27.7,3.029
S_418,"[25.5, 32.0, 23.6, 26.2, 21.3]",25.72,32,6.280
E_419,"[22.9, 22.9, 28.1, 28.7, 27.5, 23.7, 24.3]",25.44285714,28.7,3.257
L_420,"[32.0, 29.8, 31.0, 24.2, 24.7]",28.34,32,3.660
D_421,"[27.0, 26.8, 28.2, 28.6, 28.4, 28.2, 28.0, 28.1]",27.9125,28.6,0.688
L_422,"[32.0, 32.0, 32.0, 27.0, 27.9]",30.18,32,1.820
T_423,"[33.0, 24.0, 32.0, 22.4, 26.0, 27.2]",27.43333333,33,5.567
Y_424,"[26.2, 34.0, 33.0, 30.0, 29.7, 29.9]",30.46666667,34,3.533
G_425,"[23.0, 22.6, 23.1, 25.9, 22.1, 21.7]",23.06666667,25.9,2.833
N_426,"[22.4, 22.3, 23.0, 21.2, 22.5, 24.4, 22.8, 22.8]",22.675,24.4,1.725
R_427,"[26.8, 27.0, 29.7, 28.4, 24.6, 27.3]",27.3,29.7,2.400
Y_428,"[23.6, 33.0, 33.0, 30.0, 29.6, 29.8]",29.83333333,33,3.167
K_429,"[31.0, 31.0, 34.0, 24.9, 28.7, 22.9, 22.6]",27.87142857,34,6.129
N_430,"[16.76, 16.63, 24.5, 22.1, 23.3, 24.5, 19.73, 21.8]",21.165,24.5,3.335
V_431,"[24.1, 22.5, 24.1, 18.03, 18.23, 19.97]",21.155,24.1,2.945
K_432,"[23.3, 23.4, 27.7, 22.8, 23.0, 22.7, 22.6]",23.64285714,27.7,4.057
L_433,"[27.8, 28.7, 28.0, 22.8, 22.5, 21.7]",25.25,28.7,3.450
P_434,"[28.2, 27.8, 27.7, 24.5, 24.1, 24.3]",26.1,28.2,2.100
D_435,"[12.06, 11.83, 25.6, 23.5, 25.4, 23.2, 23.1, 21.9]",20.82375,25.6,4.776
A_436,"[25.0, 24.9, 25.2, 22.5, 22.8, 22.6]",23.83333333,25.2,1.367
Y_437,"[24.1, 25.4, 24.9, 22.9, 22.9, 22.7]",23.81666667,25.4,1.583
E_438,"[24.6, 24.7, 25.9, 26.8, 25.9, 23.6, 24.2]",25.1,26.8,1.700
R_439,"[24.8, 28.9, 28.4, 31.0, 27.9, 24.5]",27.58333333,31,3.417
L_440,"[33.0, 33.0, 32.0, 27.6, 26.1, 26.8]",29.75,33,3.250
I_441,"[25.3, 32.0, 29.0, 32.0, 24.4, 23.6, 23.0]",27.04285714,32,4.957
L_442,"[27.7, 33.0, 32.0, 26.1, 27.1]",29.18,33,3.820
D_443,"[18.22, 18.07, 32.0, 32.0, 32.0, 28.3, 28.1, 28.3]",27.12375,32,4.876
V_444,"[28.1, 24.0, 28.5, 25.9, 25.2, 23.2]",25.81666667,28.5,2.683
F_445,"[24.8, 24.7, 34.0, 34.0, 32.0, 24.9, 23.9, 22.9]",27.65,34,6.350
C_446,"[22.1, 24.2, 23.0, 22.5, 23.8, 23.8, 23.3]",23.24285714,24.2,0.957
G_447,"[26.4, 25.9, 26.6, 28.8, 27.3, 27.4]",27.06666667,28.8,1.733
S_448,"[27.9, 27.7, 25.2, 22.1, 21.9, 24.8, 24.6, 27.8]",25.25,27.9,2.650
Q_449,"[22.4, 22.5, 29.3, 28.0, 28.7, 32.0, 33.0]",27.98571429,33,5.014
M_450,"[23.3, 23.4, 23.4, 26.1, 22.6, 24.1, 23.2, 22.9, 23.2]",23.57777778,26.1,2.522
H_451,"[25.9, 25.8, 29.3, 24.7, 29.6, 32.0, 26.9, 23.2]",27.175,32,4.825
F_452,"[22.5, 22.4, 29.5, 29.5, 27.2, 29.6, 25.8, 25.5]",26.5,29.6,3.100
V_453,"[27.6, 26.9, 27.7, 25.2, 25.3, 25.9]",26.43333333,27.7,1.267
R_454,"[26.4, 26.9, 26.5, 33.0, 29.4, 28.5]",28.45,33,4.550
S_455,"[19.81, 19.55, 32.0, 24.5, 24.6, 35.0, 28.9, 29.5]",26.7325,35,8.268
D_456,"[20.2, 19.93, 25.3, 25.6, 25.5, 25.1, 24.8, 25.3]",23.96625,25.6,1.634
E_457,"[23.4, 23.5, 27.5, 27.9, 26.9, 24.1, 25.1]",25.48571429,27.9,2.414
L_458,"[27.6, 27.7, 26.9, 25.2, 24.7, 24.8]",26.15,27.7,1.550
R_459,"[22.5, 23.9, 22.4, 25.3, 21.8, 21.0]",22.81666667,25.3,2.483
E_460,"[23.2, 23.3, 24.4, 26.5, 24.3, 23.1, 23.9]",24.1,26.5,2.400
A_461,"[33.0, 26.7, 33.0, 23.9, 26.5, 27.0]",28.35,33,4.650
W_462,"[29.6, 29.8, 29.6, 32.0, 33.0, 32.0, 31.0]",31,33,2.000
R_463,"[27.6, 27.4, 26.5, 27.8, 24.4, 25.6]",26.55,27.8,1.250
I_464,"[24.0, 27.7, 26.5, 27.7, 25.6, 24.4, 23.8]",25.67142857,27.7,2.029
F_465,"[24.1, 24.0, 28.6, 29.6, 27.3, 26.6, 24.0, 26.4]",26.325,29.6,3.275
T_466,"[27.6, 26.3, 26.7, 25.8, 26.6, 27.5]",26.75,27.6,0.850
P_467,"[29.6, 29.2, 28.8, 24.4, 23.8, 22.9]",26.45,29.6,3.150
L_468,"[27.0, 27.2, 26.9, 17.25, 22.7]",24.21,27.2,2.990
L_469,"[29.6, 29.8, 29.4, 24.2, 24.5]",27.5,29.8,2.300
H_470,"[22.6, 22.6, 26.7, 23.6, 27.0, 26.0, 24.0, 22.8]",24.4125,27,2.588
Q_471,"[12.07, 12.33, 14.46, 12.97, 15.17, 7.778, 8.517000000000001]",11.89928571,15.17,3.271
I_472,"[16.26, 24.8, 24.1, 24.7, 23.3, 21.2, 19.51]",21.98142857,24.8,2.819
E_473,"[17.74, 17.94, 26.0, 23.9, 25.4, 22.1, 22.4]",22.21142857,26,3.789
L_474,"[9.213, 12.44, 10.5, 16.21, 17.5]",13.1726,17.5,4.327
E_475,"[13.66, 13.84, 22.2, 21.6, 21.7, 15.67, 16.51]",17.88285714,22.2,4.317
K_476,"[16.45, 16.61, 22.8, 17.05, 22.5, 18.92, 18.68]",19.00142857,22.8,3.799
P_477,"[13.83, 13.34, 14.22, 12.42, 10.12, 12.26]",12.69833333,14.22,1.522
K_478,"[15.01, 15.16, 19.08, 14.43, 15.0, 12.94, 11.42]",14.72,19.08,4.360
P_479,"[27.4, 27.5, 27.4, 25.7, 25.2, 25.5]",26.45,27.5,1.050
I_480,"[21.0, 23.3, 22.7, 24.5, 22.1, 21.0, 21.6]",22.31428571,24.5,2.186
P_481,"[23.1, 24.3, 24.0, 22.0, 22.5, 21.8]",22.95,24.3,1.350
Y_482,"[26.2, 29.3, 28.3, 27.9, 27.5, 27.7]",27.81666667,29.3,1.483
I_483,"[13.42, 16.13, 14.76, 16.38, 12.26, 1.719, 6.796]",11.63785714,16.38,4.742
Y_484,"[21.8, 26.0, 25.4, 24.1, 22.6, 24.0]",23.98333333,26,2.017
G_485,"[25.0, 24.5, 25.0, 25.2, 24.8, 24.4]",24.81666667,25.2,0.383
S_486,"[24.4, 24.3, 33.0, 24.0, 32.0, 27.1, 32.0, 33.0]",28.725,33,4.275
R_487,"[24.0, 26.9, 26.6, 33.0]",27.625,33,5.375
G_488,"[25.3, 24.9, 25.3, 24.1, 23.9, 23.6]",24.51666667,25.3,0.783
P_489,"[27.1, 26.8, 26.7, 24.3, 23.8, 24.0]",25.45,27.1,1.650
T_490,"[6.226, 3.4019999999999997, 0.457, 1.186, 0.888, 5.118]",2.8795,6.226,3.347
E_491,"[21.0, 21.1, 23.9, 24.2, 22.5, 20.7, 22.5]",22.27142857,24.2,1.929
A_492,"[25.0, 23.2, 27.0, 22.5, 24.4, 24.2]",24.38333333,27,2.617
D_493,"[16.69, 16.56, 25.6, 25.9, 25.8, 24.9, 24.8, 23.6]",22.98125,25.9,2.919
E_494,"[18.66, 18.85, 24.1, 24.7, 23.0, 21.7, 22.0]",21.85857143,24.7,2.841
L_495,"[27.8, 28.1, 27.7, 23.8, 22.9]",26.06,28.1,2.040
M_496,"[21.5, 21.6, 21.6, 23.1, 22.4, 23.1, 20.3, 20.9, 20.5]",21.66666667,23.1,1.433
K_497,"[22.6, 22.6, 27.1, 22.8, 23.2, 22.4, 22.4]",23.3,27.1,3.800
R_498,"[22.2, 22.3, 22.6, 21.0, 17.61, 23.8]",21.585,23.8,2.215
V_499,"[22.6, 22.0, 22.6, 21.8, 21.9, 23.8]",22.45,23.8,1.350
G_500,"[25.2, 23.0, 23.3, 27.9, 27.3, 26.2]",25.48333333,27.9,2.417
F_501,"[30.0, 29.8, 33.0, 33.0, 24.4, 25.1, 27.6, 27.2]",28.7625,33,4.238
Q_502,"[21.8, 21.9, 23.1, 22.5, 23.2, 22.6, 22.5]",22.51428571,23.2,0.686
Y_503,"[23.1, 33.0, 27.2, 32.0, 27.1, 32.0]",29.06666667,33,3.933
E_504,"[21.8, 21.9, 23.8, 24.0, 23.2, 22.3, 22.6]",22.8,24,1.200
G_505,"[27.9, 24.3, 24.7, 28.9, 28.0, 24.8]",26.43333333,28.9,2.467
T_506,"[25.1, 22.3, 24.0, 22.3, 22.8, 25.2]",23.61666667,25.2,1.583
Y_507,"[25.2, 33.0, 32.0, 29.8, 25.4, 29.6]",29.16666667,33,3.833
K_508,"[22.9, 22.9, 29.2, 23.2, 25.2, 23.5, 23.0]",24.27142857,29.2,4.929
W_509,"[29.9, 31.0, 28.3, 29.3, 28.1, 33.0, 33.0]",30.37142857,33,2.629
V_510,"[26.7, 24.1, 24.3, 23.1, 23.1, 24.6]",24.31666667,26.7,2.383
N_511,"[21.6, 21.5, 24.8, 22.2, 22.6, 24.2, 22.4, 22.6]",22.7375,24.8,2.063
P_512,"[31.0, 25.7, 25.6, 24.9, 24.4, 24.6]",26.03333333,31,4.967
H_513,"[22.7, 22.6, 27.2, 24.3, 27.9, 26.1, 26.2, 22.6]",24.95,27.9,2.950
K_514,"[24.6, 24.7, 27.0, 22.7, 25.8, 25.0, 24.3]",24.87142857,27,2.129
L_515,"[27.7, 28.2, 27.5, 27.1, 23.9, 23.9]",26.38333333,28.2,1.817
X_516,"[19.6, 19.94, 19.79, 16.92, 17.1, 19.63, 19.78, 19.48]",19.03,19.94,0.910